,Name
1,AKI
2,AKIHIKO
3,AKIHIRO
4,AKIO
5,AKIRA
6,AOI
7,ARATA
8,ATSUSHI
9,DAI
10,DAICHI
11,DAIKI
12,DAISUKE
13,EIJI
14,FUMIO
15,GORO
16,GOROU
17,HACHIRO
18,HAJIME
19,HARU
20,HARUO
21,HIDEAKI
22,HIDEKI
23,HIDEO
24,HIKARU
25,HIRO
26,HIROAKI
27,HIROKI
28,HIROSHI
29,HIROYUKI
30,HISAO
31,HISASHI
32,HISOKA
33,HITOSHI
34,HOTAKA
35,ICHIRO
36,ICHIROU
37,ISAMU
38,ISAO
39,IWAO
40,IZANAGI
41,JIRO
42,JIROU
43,JUN
44,JUNICHI
45,JURO
46,JUROU
47,KAEDE
48,KATASHI
49,KATSU
50,KATSUMI
51,KATSUO
52,KATSURO
53,KAZUHIKO
54,KAZUHIRO
55,KAZUKI
56,KAZUO
57,KEI
58,KEIICHI
59,KEIJI
60,KEN
61,KENICHI
62,KENJI
63,KENSHIN
64,KENTA
65,KICHIRO
66,KICHIROU
67,KIN
68,KIOSHI
69,KIYOSHI
70,KO
71,KOHAKU
72,KOICHI
73,KOJI
74,KOU
75,KUNIO
76,KURO
77,KUROU
78,KYO
79,KYOU
80,MADOKA
81,MAKOTO
82,MAMORU
83,MANABU
84,MASA
85,MASAAKI
86,MASAHIKO
87,MASAHIRO
88,MASAKI
89,MASANORI
90,MASAO
91,MASARU
92,MASASHI
93,MASATO
94,MASAYOSHI
95,MASAYUKI
96,MASUMI
97,MICHI
98,MICHIO
99,MIKIO
100,MINORI
101,MINORU
102,MITSUO
103,MITSURU
104,NAO
105,NAOKI
106,NOBORU
107,NOBU
108,NOBUO
109,NOBUYUKI
110,NORI
111,NORIO
112,OROCHI
113,OSAMU
114,RAIDEN
115,ROKURO
116,RYO
117,RYOTA
118,RYUU
119,SABURO
120,SADAO
121,SATORU
122,SATOSHI
123,SEIICHI
124,SEIJI
125,SHICHIRO
126,SHIG
127,SHIGEO
128,SHIGERU
129,SHIN
130,SHINICHI
131,SHINJI
132,SHIRO
133,SHO
134,SHOICHI
135,SHOJI
136,SHOU
137,SHUICHI
138,SHUJI
139,SORA
140,SUSUMU
141,TADAO
142,TADASHI
143,TAKAHIRO
144,TAKAO
145,TAKASHI
146,TAKAYUKI
147,TAKEHIKO
148,TAKEO
149,TAKESHI
150,TAKUMI
